Node ID, Frame_Number, Frame_Time,, UDP Length,Attack, output, Destination, Source
30,168,95,,57, None,0,4.25E+37,4.25E+37
31,680,95,,74, None,0,4.25E+37,4.25E+37
32,32,95,,75, None,0,4.25E+37,4.25E+37
33,958,95,,17, None,0,4.25E+37,4.25E+37
34,430,95,,49, None,0,4.25E+37,4.25E+37
35,120,95,,83, None,0,4.25E+37,4.25E+37
36,829,95,,14, None,0,4.25E+37,4.25E+37
37,698,95,,36, None,0,4.25E+37,4.25E+37
38,788,95,,41, None,0,4.25E+37,4.25E+37
39,44,95,,75, None,0,4.25E+37,4.25E+37
40,74,95,,78, selectiveforwarding,1,4.25E+37,4.25E+37
41,141,95,,77, None,0,4.25E+37,4.25E+37
42,653,95,,39, None,0,4.25E+37,4.25E+37
43,337,95,,61, None,0,4.25E+37,4.25E+37
44,774,95,,43, DoS,1,4.25E+37,4.25E+37
45,896,95,,98, None,0,4.25E+37,4.25E+37
46,855,95,,30, None,0,4.25E+37,4.25E+37
47,824,95,,10, None,0,4.25E+37,4.25E+37
48,160,95,,67, None,0,4.25E+37,4.25E+37
49,560,95,,43, None,0,4.25E+37,4.25E+37
50,481,95,,19, None,0,4.25E+37,4.25E+37
51,488,95,,83, None,0,4.25E+37,4.25E+37
52,874,95,,31, None,0,4.25E+37,4.25E+37
53,978,95,,84, None,0,4.25E+37,4.25E+37
54,280,95,,81, None,0,4.25E+37,4.25E+37
55,515,95,,21, None,0,4.25E+37,4.25E+37
56,497,95,,88, None,0,4.25E+37,4.25E+37
57,565,95,,68, None,0,4.25E+37,4.25E+37
58,300,95,,27, None,0,4.25E+37,4.25E+37
59,196,95,,80, None,0,4.25E+37,4.25E+37
60,131,95,,89, None,0,4.25E+37,4.25E+37
61,239,95,,19, None,0,4.25E+37,4.25E+37
62,629,95,,75, None,0,4.25E+37,4.25E+37
63,669,95,,11, None,0,4.25E+37,4.25E+37
64,98,95,,29, None,0,4.25E+37,4.25E+37
65,694,95,,83, None,0,4.25E+37,4.25E+37
66,703,95,,77, None,0,4.25E+37,4.25E+37
67,386,95,,1, DoS,1,4.25E+37,4.25E+37
68,632,95,,15, None,0,4.25E+37,4.25E+37
69,371,95,,64, selectiveforwarding,1,4.25E+37,4.25E+37
70,463,95,,62, None,0,4.25E+37,4.25E+37
71,347,95,,88, None,0,4.25E+37,4.25E+37
72,618,95,,39, None,0,4.25E+37,4.25E+37
73,897,95,,24, None,0,4.25E+37,4.25E+37
74,983,95,,21, None,0,4.25E+37,4.25E+37
75,697,95,,47, None,0,4.25E+37,4.25E+37
76,437,95,,99, None,0,4.25E+37,4.25E+37
77,539,95,,69, None,0,4.25E+37,4.25E+37
78,320,95,,78, None,0,4.25E+37,4.25E+37
79,297,95,,32, DoS,1,4.25E+37,4.25E+37
80,917,95,,30, None,0,4.25E+37,4.25E+37
81,829,95,,56, None,0,4.25E+37,4.25E+37
82,579,95,,61, None,0,4.25E+37,4.25E+37
83,522,95,,59, None,0,4.25E+37,4.25E+37
84,418,95,,32, None,0,4.25E+37,4.25E+37
85,540,95,,11, None,0,4.25E+37,4.25E+37
86,918,95,,36, None,0,4.25E+37,4.25E+37
87,907,95,,23, None,0,4.25E+37,4.25E+37
88,28,95,,23, rankmanipulation,1,4.25E+37,4.25E+37
89,992,95,,9, None,0,4.25E+37,4.25E+37
90,232,95,,45, None,0,4.25E+37,4.25E+37
91,606,95,,60, None,0,4.25E+37,4.25E+37
92,993,95,,9, selectiveforwarding,1,4.25E+37,4.25E+37
93,236,95,,58, None,0,4.25E+37,4.25E+37
94,689,95,,89, None,0,4.25E+37,4.25E+37
95,213,95,,9, rankmanipulation,1,4.25E+37,4.25E+37
96,224,95,,50, None,0,4.25E+37,4.25E+37
97,675,95,,85, None,0,4.25E+37,4.25E+37
98,853,95,,48, None,0,4.25E+37,4.25E+37
99,69,95,,89, None,0,4.25E+37,4.25E+37
100,678,95,,35, selectiveforwarding,1,4.25E+37,4.25E+37
101,295,95,,85, None,0,4.25E+37,4.25E+37
102,713,95,,7, None,0,4.25E+37,4.25E+37
103,686,95,,42, None,0,4.25E+37,4.25E+37
104,286,95,,54, None,0,4.25E+37,4.25E+37
105,511,95,,57, None,0,4.25E+37,4.25E+37
106,54,95,,90, None,0,4.25E+37,4.25E+37
107,33,95,,27, None,0,4.25E+37,4.25E+37
108,834,95,,14, None,0,4.25E+37,4.25E+37
109,153,95,,100, None,0,4.25E+37,4.25E+37
110,67,95,,2, None,0,4.25E+37,4.25E+37
111,178,95,,27, None,0,4.25E+37,4.25E+37
112,162,95,,43, None,0,4.25E+37,4.25E+37
113,910,95,,1, None,0,4.25E+37,4.25E+37
114,444,95,,38, None,0,4.25E+37,4.25E+37
115,272,95,,85, None,0,4.25E+37,4.25E+37
116,637,95,,92, None,0,4.25E+37,4.25E+37
117,704,95,,98, None,0,4.25E+37,4.25E+37
118,593,95,,61, None,0,4.25E+37,4.25E+37
119,539,95,,5, None,0,4.25E+37,4.25E+37
120,330,95,,59, None,0,4.25E+37,4.25E+37
121,752,95,,47, selectiveforwarding,1,4.25E+37,4.25E+37
122,673,95,,82, DoS,1,4.25E+37,4.25E+37
123,394,95,,62, None,0,4.25E+37,4.25E+37
124,806,95,,99, None,0,4.25E+37,4.25E+37
125,549,95,,13, None,0,4.25E+37,4.25E+37
126,513,95,,22, None,0,4.25E+37,4.25E+37
127,266,95,,66, None,0,4.25E+37,4.25E+37
128,411,95,,56, None,0,4.25E+37,4.25E+37
129,588,95,,44, None,0,4.25E+37,4.25E+37
130,847,95,,68, None,0,4.25E+37,4.25E+37
131,773,95,,18, None,0,4.25E+37,4.25E+37
132,548,95,,21, None,0,4.25E+37,4.25E+37
133,414,95,,46, None,0,4.25E+37,4.25E+37
134,7,95,,4, None,0,4.25E+37,4.25E+37
135,643,95,,49, None,0,4.25E+37,4.25E+37
136,47,95,,60, None,0,4.25E+37,4.25E+37
137,683,95,,25, None,0,4.25E+37,4.25E+37
138,789,95,,83, None,0,4.25E+37,4.25E+37
139,108,95,,9, None,0,4.25E+37,4.25E+37
140,735,95,,40, None,0,4.25E+37,4.25E+37
141,80,95,,17, None,0,4.25E+37,4.25E+37
142,198,95,,8, None,0,4.25E+37,4.25E+37
143,539,95,,83, None,0,4.25E+37,4.25E+37
144,223,95,,88, None,0,4.25E+37,4.25E+37
145,576,95,,44, DoS,1,4.25E+37,4.25E+37
146,349,95,,10, None,0,4.25E+37,4.25E+37
147,627,95,,63, None,0,4.25E+37,4.25E+37
148,629,95,,93, None,0,4.25E+37,4.25E+37
149,551,95,,73, None,0,4.25E+37,4.25E+37
150,67,95,,11, None,0,4.25E+37,4.25E+37
151,435,95,,15, None,0,4.25E+37,4.25E+37
152,34,95,,56, selectiveforwarding,1,4.25E+37,4.25E+37
153,419,95,,87, DoS,1,4.25E+37,4.25E+37
154,342,95,,55, None,0,4.25E+37,4.25E+37
155,424,95,,63, None,0,4.25E+37,4.25E+37
156,80,95,,16, DoS,1,4.25E+37,4.25E+37
157,883,95,,72, None,0,4.25E+37,4.25E+37
158,993,95,,75, None,0,4.25E+37,4.25E+37
159,683,95,,9, None,0,4.25E+37,4.25E+37
160,840,95,,88, None,0,4.25E+37,4.25E+37
161,569,95,,58, None,0,4.25E+37,4.25E+37
162,516,95,,43, None,0,4.25E+37,4.25E+37
163,168,95,,32, None,0,4.25E+37,4.25E+37
164,274,95,,82, None,0,4.25E+37,4.25E+37
165,636,95,,87, None,0,4.25E+37,4.25E+37
166,631,95,,5, None,0,4.25E+37,4.25E+37
167,604,95,,40, None,0,4.25E+37,4.25E+37
168,451,95,,44, MITM,1,4.25E+37,4.25E+37
169,453,95,,89, DoS,1,4.25E+37,4.25E+37
170,534,95,,90, None,0,4.25E+37,4.25E+37
171,89,95,,92, None,0,4.25E+37,4.25E+37
172,20,95,,100, MITM,1,4.25E+37,4.25E+37
173,817,95,,30, None,0,4.25E+37,4.25E+37
174,872,95,,21, None,0,4.25E+37,4.25E+37
175,413,95,,85, None,0,4.25E+37,4.25E+37
176,521,95,,26, None,0,4.25E+37,4.25E+37
177,724,95,,37, None,0,4.25E+37,4.25E+37
178,307,95,,30, None,0,4.25E+37,4.25E+37
179,268,95,,12, None,0,4.25E+37,4.25E+37
180,911,95,,59, None,0,4.25E+37,4.25E+37
181,829,95,,72, None,0,4.25E+37,4.25E+37
182,909,95,,77, None,0,4.25E+37,4.25E+37
183,815,95,,19, None,0,4.25E+37,4.25E+37
184,792,95,,56, None,0,4.25E+37,4.25E+37
185,290,95,,21, None,0,4.25E+37,4.25E+37
186,919,95,,79, None,0,4.25E+37,4.25E+37
187,74,95,,25, None,0,4.25E+37,4.25E+37
188,219,95,,77, None,0,4.25E+37,4.25E+37
189,964,95,,59, None,0,4.25E+37,4.25E+37
190,139,95,,10, None,0,4.25E+38,4.25E+38
191,548,95,,9, None,0,4.25E+38,4.25E+38
192,235,95,,49, None,0,4.25E+38,4.25E+38
193,976,95,,78, None,0,4.25E+74,4.25E+74
194,462,95,,40, None,0,4.25E+37,4.25E+37
195,194,95,,39, None,0,4.25E+37,4.25E+37
196,682,95,,19, None,0,4.25E+37,4.25E+37
197,394,95,,52, None,0,4.25E+37,4.25E+37
198,111,95,,1, None,0,4.25E+37,4.25E+37
199,717,95,,90, None,0,4.25E+37,4.25E+37
0,489,96,,43, None,0, 2001:db8::, 2001:db8::
1,757,96,,72, selectiveforwarding,1,4.25E+37,4.25E+37
2,301,96,,85, None,0,4.25E+37,4.25E+37
3,557,96,,71, None,0,4.25E+37,4.25E+37
4,353,96,,68, None,0,4.25E+37,4.25E+37
5,219,96,,95, None,0,4.25E+37,4.25E+37
6,800,96,,3, None,0,4.25E+37,4.25E+37
7,352,96,,94, None,0,4.25E+37,4.25E+37
8,688,96,,20, None,0,4.25E+37,4.25E+37
9,776,96,,76, None,0,4.25E+37,4.25E+37
10,38,96,,25, selectiveforwarding,1,4.25E+37,4.25E+37
11,261,96,,13, None,0,4.25E+37,4.25E+37
12,124,96,,84, None,0,4.25E+37,4.25E+37
13,315,96,,39, None,0,4.25E+37,4.25E+37
14,543,96,,77, None,0,4.25E+37,4.25E+37
15,722,96,,32, None,0,4.25E+37,4.25E+37
16,328,96,,81, None,0,4.25E+37,4.25E+37
17,329,96,,51, None,0,4.25E+37,4.25E+37
18,903,96,,77, None,0,4.25E+37,4.25E+37
19,881,96,,73, None,0,4.25E+37,4.25E+37
20,502,96,,58, None,0,4.25E+37,4.25E+37
21,448,96,,34, selectiveforwarding,1,4.25E+37,4.25E+37
22,251,96,,2, None,0,4.25E+37,4.25E+37
23,87,96,,28, None,0,4.25E+37,4.25E+37
24,6,96,,46, None,0,4.25E+37,4.25E+37
25,875,96,,33, None,0,4.25E+37,4.25E+37
26,697,96,,43, None,0,4.25E+37,4.25E+37
27,450,96,,71, None,0,4.25E+37,4.25E+37
28,470,96,,74, None,0,4.25E+37,4.25E+37
29,278,96,,77, rankmanipulation,1,4.25E+37,4.25E+37
30,266,96,,75, None,0,4.25E+37,4.25E+37
31,848,96,,81, None,0,4.25E+37,4.25E+37
32,345,96,,67, None,0,4.25E+37,4.25E+37
33,929,96,,37, None,0,4.25E+37,4.25E+37
34,849,96,,32, None,0,4.25E+37,4.25E+37
35,701,96,,93, None,0,4.25E+37,4.25E+37
36,12,96,,73, None,0,4.25E+37,4.25E+37
37,955,96,,44, None,0,4.25E+37,4.25E+37
38,542,96,,47, None,0,4.25E+37,4.25E+37
39,195,96,,31, None,0,4.25E+37,4.25E+37
40,301,96,,74, selectiveforwarding,1,4.25E+37,4.25E+37
41,424,96,,58, None,0,4.25E+37,4.25E+37
42,483,96,,34, None,0,4.25E+37,4.25E+37
43,39,96,,81, None,0,4.25E+37,4.25E+37
44,469,96,,24, DoS,1,4.25E+37,4.25E+37
45,242,96,,96, None,0,4.25E+37,4.25E+37
46,863,96,,28, None,0,4.25E+37,4.25E+37
47,609,96,,95, None,0,4.25E+37,4.25E+37
48,158,96,,75, None,0,4.25E+37,4.25E+37
49,97,96,,79, None,0,4.25E+37,4.25E+37
50,622,96,,1, None,0,4.25E+37,4.25E+37
51,878,96,,82, None,0,4.25E+37,4.25E+37
52,90,96,,27, None,0,4.25E+37,4.25E+37
53,284,96,,35, None,0,4.25E+37,4.25E+37
54,681,96,,70, None,0,4.25E+37,4.25E+37
55,927,96,,80, None,0,4.25E+37,4.25E+37
56,619,96,,42, None,0,4.25E+37,4.25E+37
57,641,96,,35, None,0,4.25E+37,4.25E+37
58,284,96,,96, None,0,4.25E+37,4.25E+37
59,586,96,,80, None,0,4.25E+37,4.25E+37
60,685,96,,39, None,0,4.25E+37,4.25E+37
61,866,96,,4, None,0,4.25E+37,4.25E+37
62,439,96,,30, None,0,4.25E+37,4.25E+37
63,800,96,,36, None,0,4.25E+37,4.25E+37
64,620,96,,7, None,0,4.25E+37,4.25E+37
65,651,96,,49, None,0,4.25E+37,4.25E+37
66,829,96,,77, None,0,4.25E+37,4.25E+37
67,857,96,,31, DoS,1,4.25E+37,4.25E+37
68,997,96,,68, None,0,4.25E+37,4.25E+37
69,265,96,,69, selectiveforwarding,1,4.25E+37,4.25E+37
70,403,96,,40, None,0,4.25E+37,4.25E+37
71,572,96,,69, None,0,4.25E+37,4.25E+37
72,345,96,,9, None,0,4.25E+37,4.25E+37
73,166,96,,65, None,0,4.25E+37,4.25E+37
74,195,96,,22, None,0,4.25E+37,4.25E+37
75,612,96,,44, None,0,4.25E+37,4.25E+37
76,501,96,,14, None,0,4.25E+37,4.25E+37
77,472,96,,100, None,0,4.25E+37,4.25E+37
78,825,96,,86, None,0,4.25E+37,4.25E+37
79,322,96,,85, DoS,1,4.25E+37,4.25E+37
80,170,96,,73, None,0,4.25E+37,4.25E+37
81,821,96,,24, None,0,4.25E+37,4.25E+37
82,843,96,,83, None,0,4.25E+37,4.25E+37
83,846,96,,23, None,0,4.25E+37,4.25E+37
84,482,96,,16, None,0,4.25E+37,4.25E+37
85,105,96,,54, None,0,4.25E+37,4.25E+37
86,651,96,,42, None,0,4.25E+37,4.25E+37
87,881,96,,85, None,0,4.25E+37,4.25E+37
88,488,96,,66, rankmanipulation,1,4.25E+37,4.25E+37
89,2,96,,2, None,0,4.25E+37,4.25E+37
90,729,96,,50, None,0,4.25E+37,4.25E+37
91,205,96,,10, None,0,4.25E+37,4.25E+37
92,860,96,,36, selectiveforwarding,1,4.25E+37,4.25E+37
93,494,96,,96, None,0,4.25E+37,4.25E+37
94,383,96,,29, None,0,4.25E+37,4.25E+37
95,441,96,,79, rankmanipulation,1,4.25E+37,4.25E+37
96,234,96,,40, None,0,4.25E+37,4.25E+37
97,126,96,,26, None,0,4.25E+37,4.25E+37
98,235,96,,94, None,0,4.25E+37,4.25E+37
99,476,96,,95, None,0,4.25E+37,4.25E+37
100,331,96,,23, selectiveforwarding,1,4.25E+37,4.25E+37
101,690,96,,1, None,0,4.25E+37,4.25E+37
102,551,96,,23, None,0,4.25E+37,4.25E+37
103,776,96,,11, None,0,4.25E+37,4.25E+37
104,613,96,,19, None,0,4.25E+37,4.25E+37
105,655,96,,46, None,0,4.25E+37,4.25E+37
106,962,96,,2, None,0,4.25E+37,4.25E+37
107,169,96,,33, None,0,4.25E+37,4.25E+37
108,724,96,,12, None,0,4.25E+37,4.25E+37
109,622,96,,97, None,0,4.25E+37,4.25E+37
110,938,96,,19, None,0,4.25E+37,4.25E+37
111,459,96,,67, None,0,4.25E+37,4.25E+37
112,801,96,,64, None,0,4.25E+37,4.25E+37
113,118,96,,36, None,0,4.25E+37,4.25E+37
114,924,96,,23, None,0,4.25E+37,4.25E+37
115,938,96,,22, None,0,4.25E+37,4.25E+37
116,213,96,,77, None,0,4.25E+37,4.25E+37
117,314,96,,18, None,0,4.25E+37,4.25E+37
118,646,96,,3, None,0,4.25E+37,4.25E+37
119,824,96,,63, None,0,4.25E+37,4.25E+37
120,674,96,,65, None,0,4.25E+37,4.25E+37
121,107,96,,47, selectiveforwarding,1,4.25E+37,4.25E+37
122,223,96,,55, DoS,1,4.25E+37,4.25E+37
123,446,96,,52, None,0,4.25E+37,4.25E+37
124,889,96,,14, None,0,4.25E+37,4.25E+37
125,254,96,,26, None,0,4.25E+37,4.25E+37
126,125,96,,19, None,0,4.25E+37,4.25E+37
127,659,96,,1, None,0,4.25E+37,4.25E+37
128,123,96,,52, None,0,4.25E+37,4.25E+37
129,134,96,,10, None,0,4.25E+37,4.25E+37
130,763,96,,31, None,0,4.25E+37,4.25E+37
131,692,96,,93, None,0,4.25E+37,4.25E+37
132,350,96,,10, None,0,4.25E+37,4.25E+37
133,845,96,,13, None,0,4.25E+37,4.25E+37
134,996,96,,34, None,0,4.25E+37,4.25E+37
135,300,96,,100, None,0,4.25E+37,4.25E+37
136,666,96,,75, None,0,4.25E+37,4.25E+37
137,483,96,,19, None,0,4.25E+37,4.25E+37
138,35,96,,49, None,0,4.25E+37,4.25E+37
139,305,96,,26, None,0,4.25E+37,4.25E+37
140,169,96,,27, None,0,4.25E+37,4.25E+37
141,2,96,,54, None,0,4.25E+37,4.25E+37
142,222,96,,44, None,0,4.25E+37,4.25E+37
143,552,96,,54, None,0,4.25E+37,4.25E+37
144,850,96,,38, None,0,4.25E+37,4.25E+37
145,438,96,,78, DoS,1,4.25E+37,4.25E+37
146,105,96,,54, None,0,4.25E+37,4.25E+37
147,34,96,,64, None,0,4.25E+37,4.25E+37
148,840,96,,53, None,0,4.25E+37,4.25E+37
149,796,96,,1, None,0,4.25E+37,4.25E+37
150,734,96,,90, None,0,4.25E+37,4.25E+37
151,752,96,,98, None,0,4.25E+37,4.25E+37
152,429,96,,84, selectiveforwarding,1,4.25E+37,4.25E+37
153,100,96,,91, DoS,1,4.25E+37,4.25E+37
154,197,96,,26, None,0,4.25E+37,4.25E+37
155,411,96,,38, None,0,4.25E+37,4.25E+37
156,968,96,,1, DoS,1,4.25E+37,4.25E+37
157,65,96,,24, None,0,4.25E+37,4.25E+37
158,644,96,,89, None,0,4.25E+37,4.25E+37
159,264,96,,89, None,0,4.25E+37,4.25E+37
160,459,96,,49, None,0,4.25E+37,4.25E+37
161,604,96,,23, None,0,4.25E+37,4.25E+37
162,284,96,,88, None,0,4.25E+37,4.25E+37
163,571,96,,56, None,0,4.25E+37,4.25E+37
164,651,96,,8, None,0,4.25E+37,4.25E+37
165,662,96,,93, None,0,4.25E+37,4.25E+37
166,809,96,,100, None,0,4.25E+37,4.25E+37
167,612,96,,89, None,0,4.25E+37,4.25E+37
168,920,96,,14, MITM,1,4.25E+37,4.25E+37
169,953,96,,98, DoS,1,4.25E+37,4.25E+37
170,106,96,,74, None,0,4.25E+37,4.25E+37
171,336,96,,17, None,0,4.25E+37,4.25E+37
172,184,96,,79, MITM,1,4.25E+37,4.25E+37
173,637,96,,36, None,0,4.25E+37,4.25E+37
174,977,96,,53, None,0,4.25E+37,4.25E+37
175,73,96,,33, None,0,4.25E+37,4.25E+37
176,946,96,,6, None,0,4.25E+37,4.25E+37
177,318,96,,87, None,0,4.25E+37,4.25E+37
178,878,96,,29, None,0,4.25E+37,4.25E+37
179,980,96,,98, None,0,4.25E+37,4.25E+37
180,69,96,,66, None,0,4.25E+37,4.25E+37
181,667,96,,18, None,0,4.25E+37,4.25E+37
182,605,96,,9, None,0,4.25E+37,4.25E+37
183,468,96,,50, None,0,4.25E+37,4.25E+37
184,834,96,,33, None,0,4.25E+37,4.25E+37
185,709,96,,75, None,0,4.25E+37,4.25E+37
186,969,96,,52, None,0,4.25E+37,4.25E+37
187,456,96,,89, None,0,4.25E+37,4.25E+37
188,478,96,,61, None,0,4.25E+37,4.25E+37
189,202,96,,88, None,0,4.25E+37,4.25E+37
190,97,96,,88, None,0,4.25E+38,4.25E+38
191,6,96,,6, None,0,4.25E+38,4.25E+38
192,330,96,,80, None,0,4.25E+38,4.25E+38
193,139,96,,33, None,0,4.25E+74,4.25E+74
194,917,96,,56, None,0,4.25E+37,4.25E+37
195,179,96,,43, None,0,4.25E+37,4.25E+37
196,120,96,,8, None,0,4.25E+37,4.25E+37
197,491,96,,43, None,0,4.25E+37,4.25E+37
198,158,96,,52, None,0,4.25E+37,4.25E+37
199,89,96,,75, None,0,4.25E+37,4.25E+37
0,778,97,,24, None,0,4.25E+37,4.25E+37
1,643,97,,13, selectiveforwarding,1,4.25E+37,4.25E+37
2,220,97,,93, None,0,4.25E+37,4.25E+37
3,911,97,,26, None,0,4.25E+37,4.25E+37
4,434,97,,82, None,0,4.25E+37,4.25E+37
5,860,97,,1, None,0,4.25E+37,4.25E+37
6,158,97,,24, None,0,4.25E+37,4.25E+37
7,940,97,,80, None,0,4.25E+37,4.25E+37
8,439,97,,46, None,0,4.25E+37,4.25E+37
9,727,97,,39, None,0,4.25E+37,4.25E+37
10,169,97,,65, selectiveforwarding,1,4.25E+37,4.25E+37
11,831,97,,59, None,0,4.25E+37,4.25E+37
12,89,97,,18, None,0,4.25E+37,4.25E+37
13,444,97,,53, None,0,4.25E+37,4.25E+37
14,927,97,,51, None,0,4.25E+37,4.25E+37
15,590,97,,72, None,0,4.25E+37,4.25E+37
16,658,97,,20, None,0,4.25E+37,4.25E+37
17,8,97,,38, None,0,4.25E+37,4.25E+37
18,9,97,,82, None,0,4.25E+37,4.25E+37
19,599,97,,86, None,0,4.25E+37,4.25E+37
20,318,97,,80, None,0,4.25E+37,4.25E+37
21,336,97,,67, selectiveforwarding,1,4.25E+37,4.25E+37
22,982,97,,39, None,0,4.25E+37,4.25E+37
23,20,97,,83, None,0,4.25E+37,4.25E+37
24,493,97,,9, None,0,4.25E+37,4.25E+37
25,420,97,,47, None,0,4.25E+37,4.25E+37
26,144,97,,90, None,0,4.25E+37,4.25E+37
27,741,97,,3, None,0,4.25E+37,4.25E+37
28,625,97,,77, None,0,4.25E+37,4.25E+37
29,302,97,,96, rankmanipulation,1,4.25E+37,4.25E+37
30,644,97,,10, None,0,4.25E+37,4.25E+37
31,89,97,,78, None,0,4.25E+37,4.25E+37
32,883,97,,28, None,0,4.25E+37,4.25E+37
33,184,97,,30, None,0,4.25E+37,4.25E+37
34,348,97,,19, None,0,4.25E+37,4.25E+37
35,642,97,,37, None,0,4.25E+37,4.25E+37
36,379,97,,46, None,0,4.25E+37,4.25E+37
37,623,97,,48, None,0,4.25E+37,4.25E+37
38,51,97,,12, None,0,4.25E+37,4.25E+37
39,616,97,,76, None,0,4.25E+37,4.25E+37
40,725,97,,57, selectiveforwarding,1,4.25E+37,4.25E+37
41,839,97,,47, None,0,4.25E+37,4.25E+37
42,242,97,,23, None,0,4.25E+37,4.25E+37
43,267,97,,44, None,0,4.25E+37,4.25E+37
44,400,97,,21, DoS,1,4.25E+37,4.25E+37
45,452,97,,41, None,0,4.25E+37,4.25E+37
46,548,97,,95, None,0,4.25E+37,4.25E+37
47,679,97,,58, None,0,4.25E+37,4.25E+37
48,668,97,,57, None,0,4.25E+37,4.25E+37
49,141,97,,16, None,0,4.25E+37,4.25E+37
50,41,97,,78, None,0,4.25E+37,4.25E+37
51,92,97,,72, None,0,4.25E+37,4.25E+37
52,230,97,,87, None,0,4.25E+37,4.25E+37
53,184,97,,8, None,0,4.25E+37,4.25E+37
54,986,97,,53, None,0,4.25E+37,4.25E+37
55,2,97,,23, None,0,4.25E+37,4.25E+37
56,28,97,,7, None,0,4.25E+37,4.25E+37
57,354,97,,63, None,0,4.25E+37,4.25E+37
58,854,97,,74, None,0,4.25E+37,4.25E+37
59,76,97,,34, None,0,4.25E+37,4.25E+37
60,480,97,,50, None,0,4.25E+37,4.25E+37
61,740,97,,4, None,0,4.25E+37,4.25E+37
62,311,97,,17, None,0,4.25E+37,4.25E+37
63,188,97,,55, None,0,4.25E+37,4.25E+37
64,898,97,,71, None,0,4.25E+37,4.25E+37
65,566,97,,74, None,0,4.25E+37,4.25E+37
66,331,97,,79, None,0,4.25E+37,4.25E+37
67,432,97,,44, DoS,1,4.25E+37,4.25E+37
68,130,97,,89, None,0,4.25E+37,4.25E+37
69,644,97,,6, selectiveforwarding,1,4.25E+37,4.25E+37
70,300,97,,43, None,0,4.25E+37,4.25E+37
71,320,97,,28, None,0,4.25E+37,4.25E+37
72,722,97,,27, None,0,4.25E+37,4.25E+37
73,674,97,,79, None,0,4.25E+37,4.25E+37
74,510,97,,38, None,0,4.25E+37,4.25E+37
75,273,97,,31, None,0,4.25E+37,4.25E+37
76,132,97,,73, None,0,4.25E+37,4.25E+37
77,328,97,,81, None,0,4.25E+37,4.25E+37
78,651,97,,5, None,0,4.25E+37,4.25E+37
79,407,97,,91, DoS,1,4.25E+37,4.25E+37
80,434,97,,23, None,0,4.25E+37,4.25E+37
81,802,97,,20, None,0,4.25E+37,4.25E+37
82,67,97,,73, None,0,4.25E+37,4.25E+37
83,34,97,,68, None,0,4.25E+37,4.25E+37
84,325,97,,70, None,0,4.25E+37,4.25E+37
85,260,97,,93, None,0,4.25E+37,4.25E+37
86,908,97,,89, None,0,4.25E+37,4.25E+37
87,165,97,,76, None,0,4.25E+37,4.25E+37
88,484,97,,99, rankmanipulation,1,4.25E+37,4.25E+37
89,227,97,,7, None,0,4.25E+37,4.25E+37
90,399,97,,76, None,0,4.25E+37,4.25E+37
91,792,97,,11, None,0,4.25E+37,4.25E+37
92,493,97,,42, selectiveforwarding,1,4.25E+37,4.25E+37
93,81,97,,48, None,0,4.25E+37,4.25E+37
94,157,97,,82, None,0,4.25E+37,4.25E+37
95,965,97,,53, rankmanipulation,1,4.25E+37,4.25E+37
96,302,97,,67, None,0,4.25E+37,4.25E+37
97,157,97,,6, None,0,4.25E+37,4.25E+37
98,91,97,,76, None,0,4.25E+37,4.25E+37
99,823,97,,45, None,0,4.25E+37,4.25E+37
100,851,97,,26, selectiveforwarding,1,4.25E+37,4.25E+37
101,519,97,,41, None,0,4.25E+37,4.25E+37
102,717,97,,29, None,0,4.25E+37,4.25E+37
103,651,97,,20, None,0,4.25E+37,4.25E+37
104,800,97,,24, None,0,4.25E+37,4.25E+37
105,432,97,,2, None,0,4.25E+37,4.25E+37
106,687,97,,97, None,0,4.25E+37,4.25E+37
107,971,97,,52, None,0,4.25E+37,4.25E+37
108,241,97,,61, None,0,4.25E+37,4.25E+37
109,94,97,,26, None,0,4.25E+37,4.25E+37
110,172,97,,87, None,0,4.25E+37,4.25E+37
111,101,97,,94, None,0,4.25E+37,4.25E+37
112,115,97,,85, None,0,4.25E+37,4.25E+37
113,575,97,,24, None,0,4.25E+37,4.25E+37
114,878,97,,59, None,0,4.25E+37,4.25E+37
115,606,97,,78, None,0,4.25E+37,4.25E+37
116,744,97,,1, None,0,4.25E+37,4.25E+37
117,723,97,,52, None,0,4.25E+37,4.25E+37
118,322,97,,79, None,0,4.25E+37,4.25E+37
119,787,97,,18, None,0,4.25E+37,4.25E+37
120,323,97,,98, None,0,4.25E+37,4.25E+37
121,56,97,,82, selectiveforwarding,1,4.25E+37,4.25E+37
122,4,97,,49, DoS,1,4.25E+37,4.25E+37
123,696,97,,58, None,0,4.25E+37,4.25E+37
124,267,97,,80, None,0,4.25E+37,4.25E+37
125,483,97,,35, None,0,4.25E+37,4.25E+37
126,968,97,,50, None,0,4.25E+37,4.25E+37
127,258,97,,73, None,0,4.25E+37,4.25E+37
128,280,97,,76, None,0,4.25E+37,4.25E+37
129,888,97,,46, None,0,4.25E+37,4.25E+37
130,854,97,,68, None,0,4.25E+37,4.25E+37
131,718,97,,46, None,0,4.25E+37,4.25E+37
132,506,97,,91, None,0,4.25E+37,4.25E+37
133,737,97,,33, None,0,4.25E+37,4.25E+37
134,718,97,,16, None,0,4.25E+37,4.25E+37
135,692,97,,91, None,0,4.25E+37,4.25E+37
136,803,97,,30, None,0,4.25E+37,4.25E+37
137,676,97,,78, None,0,4.25E+37,4.25E+37
138,858,97,,90, None,0,4.25E+37,4.25E+37
139,338,97,,68, None,0,4.25E+37,4.25E+37
140,228,97,,9, None,0,4.25E+37,4.25E+37
141,665,97,,42, None,0,4.25E+37,4.25E+37
142,232,97,,12, None,0,4.25E+37,4.25E+37
143,613,97,,76, None,0,4.25E+37,4.25E+37
144,640,97,,32, None,0,4.25E+37,4.25E+37
145,117,97,,46, DoS,1,4.25E+37,4.25E+37
146,868,97,,14, None,0,4.25E+37,4.25E+37
147,409,97,,77, None,0,4.25E+37,4.25E+37
148,514,97,,4, None,0,4.25E+37,4.25E+37
149,811,97,,60, None,0,4.25E+37,4.25E+37
150,662,97,,71, None,0,4.25E+37,4.25E+37
151,147,97,,70, None,0,4.25E+37,4.25E+37
152,456,97,,49, selectiveforwarding,1,4.25E+37,4.25E+37
153,225,97,,20, DoS,1,4.25E+37,4.25E+37
154,581,97,,85, None,0,4.25E+37,4.25E+37
155,891,97,,89, None,0,4.25E+37,4.25E+37
156,158,97,,66, DoS,1,4.25E+37,4.25E+37
157,338,97,,80, None,0,4.25E+37,4.25E+37
158,360,97,,66, None,0,4.25E+37,4.25E+37
159,822,97,,9, None,0,4.25E+37,4.25E+37
160,661,97,,67, None,0,4.25E+37,4.25E+37
161,495,97,,30, None,0,4.25E+37,4.25E+37
162,677,97,,68, None,0,4.25E+37,4.25E+37
163,153,97,,83, None,0,4.25E+37,4.25E+37
164,936,97,,56, None,0,4.25E+37,4.25E+37
165,610,97,,16, None,0,4.25E+37,4.25E+37
166,290,97,,78, None,0,4.25E+37,4.25E+37
167,60,97,,36, None,0,4.25E+37,4.25E+37
168,115,97,,96, MITM,1,4.25E+37,4.25E+37
169,570,97,,39, DoS,1,4.25E+37,4.25E+37
170,798,97,,81, None,0,4.25E+37,4.25E+37
171,934,97,,26, None,0,4.25E+37,4.25E+37
172,732,97,,21, MITM,1,4.25E+37,4.25E+37
173,91,97,,66, None,0,4.25E+37,4.25E+37
174,881,97,,4, None,0,4.25E+37,4.25E+37
175,256,97,,39, None,0,4.25E+37,4.25E+37
176,444,97,,45, None,0,4.25E+37,4.25E+37
177,287,97,,86, None,0,4.25E+37,4.25E+37
178,463,97,,80, None,0,4.25E+37,4.25E+37
179,701,97,,23, None,0,4.25E+37,4.25E+37
180,216,97,,13, None,0,4.25E+37,4.25E+37
181,46,97,,2, None,0,4.25E+37,4.25E+37
182,948,97,,94, None,0,4.25E+37,4.25E+37
183,686,97,,71, None,0,4.25E+37,4.25E+37
184,176,97,,60, None,0,4.25E+37,4.25E+37
185,310,97,,3, None,0,4.25E+37,4.25E+37
186,579,97,,61, None,0,4.25E+37,4.25E+37
187,229,97,,3, None,0,4.25E+37,4.25E+37
188,938,97,,9, None,0,4.25E+37,4.25E+37
189,505,97,,88, None,0,4.25E+37,4.25E+37
190,311,97,,28, None,0,4.25E+38,4.25E+38
191,882,97,,33, None,0,4.25E+38,4.25E+38
192,304,97,,2, None,0,4.25E+38,4.25E+38
193,63,97,,47, None,0,4.25E+74,4.25E+74
194,496,97,,56, None,0,4.25E+37,4.25E+37
195,552,97,,51, None,0,4.25E+37,4.25E+37
196,288,97,,75, None,0,4.25E+37,4.25E+37
197,545,97,,98, None,0,4.25E+37,4.25E+37
198,190,97,,49, None,0,4.25E+37,4.25E+37
199,535,97,,1, None,0,4.25E+37,4.25E+37
0,992,98,,74, None,0, 2001:db8::, 2001:db8::
1,44,98,,85, selectiveforwarding,1,4.25E+37,4.25E+37
2,851,98,,66, None,0,4.25E+37,4.25E+37
3,946,98,,98, None,0,4.25E+37,4.25E+37
4,55,98,,90, None,0,4.25E+37,4.25E+37
5,134,98,,17, None,0,4.25E+37,4.25E+37
6,119,98,,70, None,0,4.25E+37,4.25E+37
7,770,98,,73, None,0,4.25E+37,4.25E+37
8,434,98,,88, None,0,4.25E+37,4.25E+37
9,855,98,,23, None,0,4.25E+37,4.25E+37
10,383,98,,57, selectiveforwarding,1,4.25E+37,4.25E+37
11,229,98,,97, None,0,4.25E+37,4.25E+37
12,768,98,,55, None,0,4.25E+37,4.25E+37
13,246,98,,82, None,0,4.25E+37,4.25E+37
14,18,98,,80, None,0,4.25E+37,4.25E+37
15,992,98,,76, None,0,4.25E+37,4.25E+37
16,184,98,,64, None,0,4.25E+37,4.25E+37
17,847,98,,37, None,0,4.25E+37,4.25E+37
18,40,98,,11, None,0,4.25E+37,4.25E+37
19,33,98,,95, None,0,4.25E+37,4.25E+37
20,159,98,,85, None,0,4.25E+37,4.25E+37
21,973,98,,71, selectiveforwarding,1,4.25E+37,4.25E+37
22,699,98,,67, None,0,4.25E+37,4.25E+37
23,670,98,,38, None,0,4.25E+37,4.25E+37
24,302,98,,72, None,0,4.25E+37,4.25E+37
25,837,98,,37, None,0,4.25E+37,4.25E+37
26,285,98,,67, None,0,4.25E+37,4.25E+37
27,851,98,,75, None,0,4.25E+37,4.25E+37
28,108,98,,67, None,0,4.25E+37,4.25E+37
29,465,98,,58, rankmanipulation,1,4.25E+37,4.25E+37
30,844,98,,58, None,0,4.25E+37,4.25E+37
31,90,98,,8, None,0,4.25E+37,4.25E+37
32,809,98,,40, None,0,4.25E+37,4.25E+37
33,56,98,,60, None,0,4.25E+37,4.25E+37
34,439,98,,47, None,0,4.25E+37,4.25E+37
35,339,98,,41, None,0,4.25E+37,4.25E+37
36,289,98,,98, None,0,4.25E+37,4.25E+37
37,897,98,,85, None,0,4.25E+37,4.25E+37
38,2,98,,19, None,0,4.25E+37,4.25E+37
39,175,98,,2, None,0,4.25E+37,4.25E+37
40,585,98,,18, selectiveforwarding,1,4.25E+37,4.25E+37
41,212,98,,93, None,0,4.25E+37,4.25E+37
42,707,98,,43, None,0,4.25E+37,4.25E+37
43,920,98,,78, None,0,4.25E+37,4.25E+37
44,616,98,,54, DoS,1,4.25E+37,4.25E+37
45,543,98,,92, None,0,4.25E+37,4.25E+37
46,875,98,,56, None,0,4.25E+37,4.25E+37
47,904,98,,54, None,0,4.25E+37,4.25E+37
48,467,98,,2, None,0,4.25E+37,4.25E+37
49,972,98,,7, None,0,4.25E+37,4.25E+37
50,319,98,,52, None,0,4.25E+37,4.25E+37
51,49,98,,8, None,0,4.25E+37,4.25E+37
52,537,98,,20, None,0,4.25E+37,4.25E+37
53,271,98,,36, None,0,4.25E+37,4.25E+37
54,746,98,,48, None,0,4.25E+37,4.25E+37
55,595,98,,23, None,0,4.25E+37,4.25E+37
56,686,98,,33, None,0,4.25E+37,4.25E+37
57,144,98,,14, None,0,4.25E+37,4.25E+37
58,150,98,,37, None,0,4.25E+37,4.25E+37
59,356,98,,58, None,0,4.25E+37,4.25E+37
60,600,98,,95, None,0,4.25E+37,4.25E+37
61,603,98,,99, None,0,4.25E+37,4.25E+37
62,129,98,,87, None,0,4.25E+37,4.25E+37
63,651,98,,83, None,0,4.25E+37,4.25E+37
64,267,98,,98, None,0,4.25E+37,4.25E+37
65,440,98,,7, None,0,4.25E+37,4.25E+37
66,259,98,,20, None,0,4.25E+37,4.25E+37
67,618,98,,22, DoS,1,4.25E+37,4.25E+37
68,565,98,,20, None,0,4.25E+37,4.25E+37
69,183,98,,44, selectiveforwarding,1,4.25E+37,4.25E+37
70,594,98,,90, None,0,4.25E+37,4.25E+37
71,65,98,,78, None,0,4.25E+37,4.25E+37
72,843,98,,46, None,0,4.25E+37,4.25E+37
73,429,98,,62, None,0,4.25E+37,4.25E+37
74,685,98,,80, None,0,4.25E+37,4.25E+37
75,874,98,,31, None,0,4.25E+37,4.25E+37
76,969,98,,18, None,0,4.25E+37,4.25E+37
77,952,98,,8, None,0,4.25E+37,4.25E+37
78,339,98,,62, None,0,4.25E+37,4.25E+37
79,818,98,,26, DoS,1,4.25E+37,4.25E+37
80,662,98,,54, None,0,4.25E+37,4.25E+37
81,898,98,,83, None,0,4.25E+37,4.25E+37
82,510,98,,84, None,0,4.25E+37,4.25E+37
83,962,98,,74, None,0,4.25E+37,4.25E+37
84,982,98,,35, None,0,4.25E+37,4.25E+37
85,772,98,,85, None,0,4.25E+37,4.25E+37
86,625,98,,64, None,0,4.25E+37,4.25E+37
87,323,98,,46, None,0,4.25E+37,4.25E+37
88,794,98,,82, rankmanipulation,1,4.25E+37,4.25E+37
89,649,98,,15, None,0,4.25E+37,4.25E+37
90,170,98,,21, None,0,4.25E+37,4.25E+37
91,460,98,,31, None,0,4.25E+37,4.25E+37
92,748,98,,74, selectiveforwarding,1,4.25E+37,4.25E+37
93,445,98,,20, None,0,4.25E+37,4.25E+37
94,608,98,,29, None,0,4.25E+37,4.25E+37
95,84,98,,90, rankmanipulation,1,4.25E+37,4.25E+37
96,82,98,,83, None,0,4.25E+37,4.25E+37
97,356,98,,7, None,0,4.25E+37,4.25E+37
98,244,98,,33, None,0,4.25E+37,4.25E+37
99,131,98,,86, None,0,4.25E+37,4.25E+37
100,585,98,,71, selectiveforwarding,1,4.25E+37,4.25E+37
101,22,98,,89, None,0,4.25E+37,4.25E+37
102,157,98,,43, None,0,4.25E+37,4.25E+37
103,664,98,,27, None,0,4.25E+37,4.25E+37
104,679,98,,73, None,0,4.25E+37,4.25E+37
105,971,98,,18, None,0,4.25E+37,4.25E+37
106,92,98,,97, None,0,4.25E+37,4.25E+37
107,434,98,,40, None,0,4.25E+37,4.25E+37
108,836,98,,49, None,0,4.25E+37,4.25E+37
109,86,98,,33, None,0,4.25E+37,4.25E+37
110,536,98,,55, None,0,4.25E+37,4.25E+37
111,265,98,,18, None,0,4.25E+37,4.25E+37
112,97,98,,48, None,0,4.25E+37,4.25E+37
113,318,98,,89, None,0,4.25E+37,4.25E+37
114,262,98,,88, None,0,4.25E+37,4.25E+37
115,791,98,,38, None,0,4.25E+37,4.25E+37
116,138,98,,73, None,0,4.25E+37,4.25E+37
117,271,98,,66, None,0,4.25E+37,4.25E+37
118,2,98,,97, None,0,4.25E+37,4.25E+37
119,238,98,,35, None,0,4.25E+37,4.25E+37
120,198,98,,27, None,0,4.25E+37,4.25E+37
121,271,98,,48, selectiveforwarding,1,4.25E+37,4.25E+37
122,574,98,,76, DoS,1,4.25E+37,4.25E+37
123,416,98,,54, None,0,4.25E+37,4.25E+37
124,384,98,,47, None,0,4.25E+37,4.25E+37
125,762,98,,7, None,0,4.25E+37,4.25E+37
126,748,98,,14, None,0,4.25E+37,4.25E+37
127,753,98,,22, None,0,4.25E+37,4.25E+37
128,305,98,,64, None,0,4.25E+37,4.25E+37
129,532,98,,99, None,0,4.25E+37,4.25E+37
130,408,98,,32, None,0,4.25E+37,4.25E+37
131,474,98,,27, None,0,4.25E+37,4.25E+37
132,210,98,,14, None,0,4.25E+37,4.25E+37
133,821,98,,17, None,0,4.25E+37,4.25E+37
134,711,98,,9, None,0,4.25E+37,4.25E+37
135,833,98,,100, None,0,4.25E+37,4.25E+37
136,293,98,,17, None,0,4.25E+37,4.25E+37
137,347,98,,83, None,0,4.25E+37,4.25E+37
138,235,98,,35, None,0,4.25E+37,4.25E+37
139,204,98,,98, None,0,4.25E+37,4.25E+37
140,767,98,,63, None,0,4.25E+37,4.25E+37
141,544,98,,91, None,0,4.25E+37,4.25E+37
142,156,98,,13, None,0,4.25E+37,4.25E+37
143,227,98,,61, None,0,4.25E+37,4.25E+37
144,658,98,,84, None,0,4.25E+37,4.25E+37
145,918,98,,92, DoS,1,4.25E+37,4.25E+37
146,702,98,,27, None,0,4.25E+37,4.25E+37
147,778,98,,32, None,0,4.25E+37,4.25E+37
148,550,98,,64, None,0,4.25E+37,4.25E+37
149,237,98,,99, None,0,4.25E+37,4.25E+37
150,967,98,,25, None,0,4.25E+37,4.25E+37
151,210,98,,44, None,0,4.25E+37,4.25E+37
152,71,98,,43, selectiveforwarding,1,4.25E+37,4.25E+37
153,306,98,,45, DoS,1,4.25E+37,4.25E+37
154,333,98,,18, None,0,4.25E+37,4.25E+37
155,76,98,,91, None,0,4.25E+37,4.25E+37
156,951,98,,80, DoS,1,4.25E+37,4.25E+37
157,378,98,,3, None,0,4.25E+37,4.25E+37
158,762,98,,64, None,0,4.25E+37,4.25E+37
159,280,98,,19, None,0,4.25E+37,4.25E+37
160,529,98,,3, None,0,4.25E+37,4.25E+37
161,33,98,,63, None,0,4.25E+37,4.25E+37
162,665,98,,16, None,0,4.25E+37,4.25E+37
163,739,98,,23, None,0,4.25E+37,4.25E+37
164,378,98,,20, None,0,4.25E+37,4.25E+37
165,99,98,,30, None,0,4.25E+37,4.25E+37
166,798,98,,15, None,0,4.25E+37,4.25E+37
167,626,98,,35, None,0,4.25E+37,4.25E+37
168,873,98,,39, MITM,1,4.25E+37,4.25E+37
169,405,98,,36, DoS,1,4.25E+37,4.25E+37
170,907,98,,28, None,0,4.25E+37,4.25E+37
171,313,98,,23, None,0,4.25E+37,4.25E+37
172,581,98,,2, MITM,1,4.25E+37,4.25E+37
173,933,98,,82, None,0,4.25E+37,4.25E+37
174,382,98,,16, None,0,4.25E+37,4.25E+37
175,668,98,,87, None,0,4.25E+37,4.25E+37
176,239,98,,14, None,0,4.25E+37,4.25E+37
177,325,98,,68, None,0,4.25E+37,4.25E+37
178,459,98,,73, None,0,4.25E+37,4.25E+37
179,341,98,,84, None,0,4.25E+37,4.25E+37
180,765,98,,59, None,0,4.25E+37,4.25E+37
181,658,98,,16, None,0,4.25E+37,4.25E+37
182,523,98,,14, None,0,4.25E+37,4.25E+37
183,572,98,,14, None,0,4.25E+37,4.25E+37
184,597,98,,41, None,0,4.25E+37,4.25E+37
185,216,98,,66, None,0,4.25E+37,4.25E+37
186,599,98,,59, None,0,4.25E+37,4.25E+37
187,734,98,,12, None,0,4.25E+37,4.25E+37
188,673,98,,82, None,0,4.25E+37,4.25E+37
189,856,98,,37, None,0,4.25E+37,4.25E+37
190,415,98,,38, None,0,4.25E+38,4.25E+38
191,560,98,,1, None,0,4.25E+38,4.25E+38
192,173,98,,28, None,0,4.25E+38,4.25E+38
193,529,98,,11, None,0,4.25E+74,4.25E+74
194,333,98,,87, None,0,4.25E+37,4.25E+37
195,287,98,,29, None,0,4.25E+37,4.25E+37
196,403,98,,60, None,0,4.25E+37,4.25E+37
197,950,98,,90, None,0,4.25E+37,4.25E+37
198,565,98,,51, None,0,4.25E+37,4.25E+37
199,117,98,,28, None,0,4.25E+37,4.25E+37
0,88,99,,68, None,0, 2001:db8::, 2001:db8::
1,390,99,,59, selectiveforwarding,1,4.25E+37,4.25E+37
2,425,99,,58, None,0,4.25E+37,4.25E+37
3,912,99,,63, None,0,4.25E+37,4.25E+37
4,196,99,,37, None,0,4.25E+37,4.25E+37
5,827,99,,14, None,0,4.25E+37,4.25E+37
6,835,99,,47, None,0,4.25E+37,4.25E+37
7,880,99,,15, None,0,4.25E+37,4.25E+37
8,755,99,,31, None,0,4.25E+37,4.25E+37
9,951,99,,48, None,0,4.25E+37,4.25E+37
10,582,99,,1, selectiveforwarding,1,4.25E+37,4.25E+37
11,421,99,,93, None,0,4.25E+37,4.25E+37
12,629,99,,33, None,0,4.25E+37,4.25E+37
13,220,99,,64, None,0,4.25E+37,4.25E+37
14,831,99,,46, None,0,4.25E+37,4.25E+37
15,256,99,,16, None,0,4.25E+37,4.25E+37
16,898,99,,48, None,0,4.25E+37,4.25E+37
17,931,99,,92, None,0,4.25E+37,4.25E+37
18,689,99,,70, None,0,4.25E+37,4.25E+37
19,936,99,,63, None,0,4.25E+37,4.25E+37
20,157,99,,39, None,0,4.25E+37,4.25E+37
21,346,99,,44, selectiveforwarding,1,4.25E+37,4.25E+37
22,70,99,,58, None,0,4.25E+37,4.25E+37
23,31,99,,91, None,0,4.25E+37,4.25E+37
24,849,99,,5, None,0,4.25E+37,4.25E+37
25,243,99,,58, None,0,4.25E+37,4.25E+37
26,142,99,,41, None,0,4.25E+37,4.25E+37
27,783,99,,54, None,0,4.25E+37,4.25E+37
28,396,99,,53, None,0,4.25E+37,4.25E+37
29,998,99,,5, rankmanipulation,1,4.25E+37,4.25E+37
30,358,99,,4, None,0,4.25E+37,4.25E+37
31,399,99,,84, None,0,4.25E+37,4.25E+37
32,585,99,,51, None,0,4.25E+37,4.25E+37
33,14,99,,23, None,0,4.25E+37,4.25E+37
34,547,99,,77, None,0,4.25E+37,4.25E+37
35,685,99,,73, None,0,4.25E+37,4.25E+37
36,410,99,,73, None,0,4.25E+37,4.25E+37
37,840,99,,16, None,0,4.25E+37,4.25E+37
38,827,99,,72, None,0,4.25E+37,4.25E+37
39,71,99,,31, None,0,4.25E+37,4.25E+37
40,535,99,,37, selectiveforwarding,1,4.25E+37,4.25E+37
41,499,99,,87, None,0,4.25E+37,4.25E+37
42,853,99,,50, None,0,4.25E+37,4.25E+37
43,506,99,,19, None,0,4.25E+37,4.25E+37
44,146,99,,40, DoS,1,4.25E+37,4.25E+37
45,44,99,,39, None,0,4.25E+37,4.25E+37
46,26,99,,70, None,0,4.25E+37,4.25E+37
47,864,99,,93, None,0,4.25E+37,4.25E+37
48,767,99,,51, None,0,4.25E+37,4.25E+37
49,594,99,,3, None,0,4.25E+37,4.25E+37
50,425,99,,95, None,0,4.25E+37,4.25E+37
51,618,99,,27, None,0,4.25E+37,4.25E+37
52,684,99,,7, None,0,4.25E+37,4.25E+37
53,930,99,,42, None,0,4.25E+37,4.25E+37
54,427,99,,32, None,0,4.25E+37,4.25E+37
55,124,99,,58, None,0,4.25E+37,4.25E+37
56,720,99,,4, None,0,4.25E+37,4.25E+37
57,501,99,,60, None,0,4.25E+37,4.25E+37
58,949,99,,63, None,0,4.25E+37,4.25E+37
59,781,99,,24, None,0,4.25E+37,4.25E+37
60,219,99,,63, None,0,4.25E+37,4.25E+37
61,331,99,,46, None,0,4.25E+37,4.25E+37
62,773,99,,73, None,0,4.25E+37,4.25E+37
63,948,99,,75, None,0,4.25E+37,4.25E+37
64,54,99,,57, None,0,4.25E+37,4.25E+37
65,889,99,,52, None,0,4.25E+37,4.25E+37
66,409,99,,41, None,0,4.25E+37,4.25E+37
67,661,99,,26, DoS,1,4.25E+37,4.25E+37
68,421,99,,69, None,0,4.25E+37,4.25E+37
69,939,99,,6, selectiveforwarding,1,4.25E+37,4.25E+37
70,334,99,,63, None,0,4.25E+37,4.25E+37
71,940,99,,92, None,0,4.25E+37,4.25E+37
72,145,99,,44, None,0,4.25E+37,4.25E+37
73,797,99,,33, None,0,4.25E+37,4.25E+37
74,163,99,,34, None,0,4.25E+37,4.25E+37
75,21,99,,90, None,0,4.25E+37,4.25E+37
76,44,99,,30, None,0,4.25E+37,4.25E+37
77,166,99,,28, None,0,4.25E+37,4.25E+37
78,469,99,,49, None,0,4.25E+37,4.25E+37
79,787,99,,98, DoS,1,4.25E+37,4.25E+37
80,753,99,,46, None,0,4.25E+37,4.25E+37
81,418,99,,55, None,0,4.25E+37,4.25E+37
82,879,99,,85, None,0,4.25E+37,4.25E+37
83,937,99,,55, None,0,4.25E+37,4.25E+37
84,832,99,,53, None,0,4.25E+37,4.25E+37
85,787,99,,68, None,0,4.25E+37,4.25E+37
86,242,99,,44, None,0,4.25E+37,4.25E+37
87,962,99,,51, None,0,4.25E+37,4.25E+37
88,999,99,,28, rankmanipulation,1,4.25E+37,4.25E+37
89,102,99,,69, None,0,4.25E+37,4.25E+37
90,95,99,,99, None,0,4.25E+37,4.25E+37
91,683,99,,57, None,0,4.25E+37,4.25E+37
92,654,99,,50, selectiveforwarding,1,4.25E+37,4.25E+37
93,417,99,,43, None,0,4.25E+37,4.25E+37
94,11,99,,85, None,0,4.25E+37,4.25E+37
95,135,99,,5, rankmanipulation,1,4.25E+37,4.25E+37
96,660,99,,99, None,0,4.25E+37,4.25E+37
97,457,99,,44, None,0,4.25E+37,4.25E+37
98,37,99,,81, None,0,4.25E+37,4.25E+37
99,263,99,,5, None,0,4.25E+37,4.25E+37
100,303,99,,90, selectiveforwarding,1,4.25E+37,4.25E+37
101,49,99,,13, None,0,4.25E+37,4.25E+37
102,955,99,,5, None,0,4.25E+37,4.25E+37
103,503,99,,6, None,0,4.25E+37,4.25E+37
104,817,99,,39, None,0,4.25E+37,4.25E+37
105,964,99,,53, None,0,4.25E+37,4.25E+37
106,148,99,,32, None,0,4.25E+37,4.25E+37
107,369,99,,96, None,0,4.25E+37,4.25E+37
108,745,99,,4, None,0,4.25E+37,4.25E+37
109,621,99,,72, None,0,4.25E+37,4.25E+37
110,9,99,,1, None,0,4.25E+37,4.25E+37
111,981,99,,79, None,0,4.25E+37,4.25E+37
112,256,99,,98, None,0,4.25E+37,4.25E+37
113,317,99,,82, None,0,4.25E+37,4.25E+37
114,986,99,,95, None,0,4.25E+37,4.25E+37
115,395,99,,9, None,0,4.25E+37,4.25E+37
116,310,99,,69, None,0,4.25E+37,4.25E+37
117,643,99,,50, None,0,4.25E+37,4.25E+37
118,397,99,,1, None,0,4.25E+37,4.25E+37
119,145,99,,80, None,0,4.25E+37,4.25E+37
120,406,99,,83, None,0,4.25E+37,4.25E+37
121,171,99,,92, selectiveforwarding,1,4.25E+37,4.25E+37
122,215,99,,25, DoS,1,4.25E+37,4.25E+37
123,364,99,,25, None,0,4.25E+37,4.25E+37
124,919,99,,6, None,0,4.25E+37,4.25E+37
125,137,99,,7, None,0,4.25E+37,4.25E+37
126,488,99,,10, None,0,4.25E+37,4.25E+37
127,229,99,,78, None,0,4.25E+37,4.25E+37
128,707,99,,72, None,0,4.25E+37,4.25E+37
129,678,99,,7, None,0,4.25E+37,4.25E+37
130,623,99,,90, None,0,4.25E+37,4.25E+37
131,651,99,,56, None,0,4.25E+37,4.25E+37
132,247,99,,37, None,0,4.25E+37,4.25E+37
133,263,99,,49, None,0,4.25E+37,4.25E+37
134,698,99,,21, None,0,4.25E+37,4.25E+37
135,887,99,,60, None,0,4.25E+37,4.25E+37
136,105,99,,12, None,0,4.25E+37,4.25E+37
137,285,99,,7, None,0,4.25E+37,4.25E+37
138,861,99,,13, None,0,4.25E+37,4.25E+37
139,672,99,,64, None,0,4.25E+37,4.25E+37
140,978,99,,74, None,0,4.25E+37,4.25E+37
141,410,99,,31, None,0,4.25E+37,4.25E+37
142,4,99,,13, None,0,4.25E+37,4.25E+37
143,232,99,,47, None,0,4.25E+37,4.25E+37
144,161,99,,25, None,0,4.25E+37,4.25E+37
145,202,99,,56, DoS,1,4.25E+37,4.25E+37
146,202,99,,80, None,0,4.25E+37,4.25E+37
147,635,99,,93, None,0,4.25E+37,4.25E+37
148,339,99,,36, None,0,4.25E+37,4.25E+37
149,526,99,,59, None,0,4.25E+37,4.25E+37
150,362,99,,69, None,0,4.25E+37,4.25E+37
151,619,99,,92, None,0,4.25E+37,4.25E+37
152,197,99,,98, selectiveforwarding,1,4.25E+37,4.25E+37
153,628,99,,29, DoS,1,4.25E+37,4.25E+37
154,43,99,,86, None,0,4.25E+37,4.25E+37
155,600,99,,26, None,0,4.25E+37,4.25E+37
156,424,99,,10, DoS,1,4.25E+37,4.25E+37
157,328,99,,60, None,0,4.25E+37,4.25E+37
158,466,99,,44, None,0,4.25E+37,4.25E+37
159,683,99,,4, None,0,4.25E+37,4.25E+37
160,738,99,,70, None,0,4.25E+37,4.25E+37
161,668,99,,65, None,0,4.25E+37,4.25E+37
162,598,99,,91, None,0,4.25E+37,4.25E+37
163,108,99,,70, None,0,4.25E+37,4.25E+37
164,375,99,,32, None,0,4.25E+37,4.25E+37
165,404,99,,50, None,0,4.25E+37,4.25E+37
166,176,99,,58, None,0,4.25E+37,4.25E+37
167,471,99,,4, None,0,4.25E+37,4.25E+37
168,17,99,,39, MITM,1,4.25E+37,4.25E+37
169,118,99,,46, DoS,1,4.25E+37,4.25E+37
170,842,99,,100, None,0,4.25E+37,4.25E+37
171,113,99,,2, None,0,4.25E+37,4.25E+37
172,299,99,,54, MITM,1,4.25E+37,4.25E+37
173,666,99,,73, None,0,4.25E+37,4.25E+37
174,823,99,,4, None,0,4.25E+37,4.25E+37
175,932,99,,76, None,0,4.25E+37,4.25E+37
176,714,99,,91, None,0,4.25E+37,4.25E+37
177,672,99,,62, None,0,4.25E+37,4.25E+37
178,322,99,,25, None,0,4.25E+37,4.25E+37
179,39,99,,40, None,0,4.25E+37,4.25E+37
180,763,99,,2, None,0,4.25E+37,4.25E+37
181,655,99,,39, None,0,4.25E+37,4.25E+37
182,366,99,,27, None,0,4.25E+37,4.25E+37
183,302,99,,84, None,0,4.25E+37,4.25E+37
184,563,99,,95, None,0,4.25E+37,4.25E+37
185,732,99,,60, None,0,4.25E+37,4.25E+37
186,844,99,,9, None,0,4.25E+37,4.25E+37
187,441,99,,96, None,0,4.25E+37,4.25E+37
188,989,99,,100, None,0,4.25E+37,4.25E+37
189,364,99,,37, None,0,4.25E+37,4.25E+37
190,508,99,,51, None,0,4.25E+37,4.25E+37
191,113,99,,67, None,0,4.25E+37,4.25E+37
192,250,99,,84, None,0,4.25E+37,4.25E+37
193,367,99,,11, None,0,4.25E+74,4.25E+74
194,719,99,,51, None,0,4.25E+37,4.25E+37
195,259,99,,99, None,0,4.25E+37,4.25E+37
196,331,99,,36, None,0,4.25E+37,4.25E+37
197,474,99,,90, None,0,4.25E+37,4.25E+37
198,781,99,,98, None,0,4.25E+37,4.25E+37
199,966,99,,63, None,0,4.25E+37,4.25E+37
